mjd,flux_uJy,flux_err_uJy,filter,mag_5sigma_limit
57404.516962,-11,146,o,17.42
57404.53657,305,137,o,17.93
57404.541159,191,164,o,16.24
57404.554423,-64,104,o,17.36
57404.580338,-66,88,o,17.53
57404.587238,-12,59,o,18.49
57405.524547,-8718454739,12898535778,o,-2.89
57405.535008,39,199,o,16.25
57405.543855,-150,115,o,18.12
57405.561249,20,71,o,17.52
57405.573774,-23,82,o,17.52
57405.592854,-202,60,o,18.5
57446.423532,268,191,o,16.34
57446.42767,-130,113,o,17.81
57447.4292,-231,97,o,17.95
57447.431192,14,135,o,16.82
57447.448695,-82,100,o,17.33
57447.465977,57,82,o,17.45
57453.407532,-16,25,c,19.06
57453.410964,-11,36,c,19.28
57453.424174,16,39,c,18.74
57453.440843,2,21,c,19.22
57453.458193,4,19,c,19.13
57457.401758,-20,47,c,18.63
57457.405717,-120,40,c,18.96
57457.419453,74,42,c,18.71
57457.437136,13,24,c,19.1
57461.384183,-18,27,c,18.96
57461.391494,6,93,c,18.11
57461.400745,-21,23,c,19.09
57461.417329,-22,26,c,18.99
57461.434376,-57,38,c,18.14
57465.374878,-129,50,o,18.2
57465.391396,-64,65,o,18.2
57465.407951,11,54,o,18.21
57465.424999,-68,62,o,18.14
57477.349149,-108,30,o,18.68
57477.365649,-72,36,o,18.68
57477.381701,-66,35,o,18.69
57536.256095,-35,58,o,18.41
57537.261178,-5,42,c,18.95
57863.356518,-17,25,c,18.38
57867.34572,-1125,3870,c,16.28
58117.536533,48,21,o,18.63
58117.548324,22,23,o,18.67
58117.5538,49,26,o,18.53
58117.567653,13,23,o,18.64
58119.528403,-154,61,o,17.76
58119.532067,-168,67,o,17.89
58119.538949,-2,59,o,17.86
58119.545839,-36,54,o,17.9
58121.527353,81,73,o,17.51
58121.538788,-8,73,o,17.57
58121.546559,0,71,o,17.58
58121.548384,8,69,o,17.59
58123.543282,-56,28,o,18.24
58123.547397,8,34,o,18.32
58123.559154,-96,61,o,18.1
58123.569933,22,37,o,18.11
58127.53056,-66,20,o,18.74
58127.543698,11,21,o,18.61
58127.551481,-33,26,o,18.49
58127.558349,-24,27,o,18.36
58129.536091,2654716241,7205658369,o,-2.84
58129.537004,-16630939159,8456409742,o,-2.8
58129.545861,-1,64,o,17.34
58129.551515,-55,278,o,16.42
58131.524399,-14,18,o,18.91
58131.534982,-91,25,o,18.53
58131.544207,-78,23,o,18.62
58131.54558,-26,25,o,18.67
58135.530388,-52,48,o,17.92
58135.544174,-91,28,o,18.48
58135.551501,-66,25,o,18.62
58135.557955,-55,23,o,18.7
58139.521987,-72,39,o,18.38
58139.531179,-30,27,o,18.71
58139.538567,-82,20,o,18.86
58139.55093,-120,24,o,18.86
58143.520015,-32975840087,15988286103,o,-3.62
58147.511273,-131,47,o,17.9
58147.519999,-107,41,o,17.97
58147.525983,-82,37,o,18.06
58147.539286,-103,38,o,18.08
58151.509888,-46,41,o,17.94
58151.518588,-26,50,o,17.95
58151.519962,16,44,o,17.97
58151.52271,-84,41,o,17.99
58153.499464,38,28,o,18.45
58153.508209,17,26,o,18.57
58153.517014,70,26,o,18.59
58153.526203,-22,32,o,18.34
58159.484577,-11,17,o,18.89
58159.492839,-39,18,o,18.82
58159.500645,-57,18,o,18.78
58159.508912,-28,17,o,18.85
58161.488665,38,12,c,19.47
58161.497794,28,13,c,19.46
58161.498707,37,12,c,19.45
58161.512452,49,12,c,19.42
58167.466108,-91,25,o,18.61
58167.478009,-64,21,o,18.72
58167.488543,-34,21,o,18.76
58167.493139,-71,23,o,18.68
58173.418497,-243,840,o,14.46
58173.419865,124,1198,o,14.31
58173.429375,-6569,6986,o,12.96
58173.442043,2591,2981,o,13.59
58181.412397,-92287040961,64185221281,o,-4.98
58181.427834,61952736858,59421014438,o,-5.25
58181.429201,362,8984,o,12.97
58183.405648,4,34,o,18.17
58183.40931,-3,26,o,18.29
58183.415291,20,27,o,18.29
58183.426285,-16,31,o,18.26
58184.336221,12,16,o,19.12
58184.33759,39,17,o,19.15
58185.326145,45,17,o,18.96
58185.327515,34,16,o,18.97
58185.342066,31,16,o,18.93
58185.343434,-11,16,o,18.9
58187.399227,42,19,o,18.98
58187.412477,6,16,o,19.01
58187.414778,5,19,o,18.99
58187.416518,12299,10894,o,11.92
58187.41879,16,18,o,18.56
58187.432966,-119,1222,o,15.4
58187.440276,-96,707,o,14.77
58193.389993,38,12,c,19.53
58193.395928,36,11,c,19.54
58193.402386,53,11,c,19.48
58193.415161,41,12,c,19.53
58195.33059,-24,14,g,19.34
58195.335612,-7,15,g,19.4
58195.340647,-20,17,g,19.41
58195.345672,0,15,g,19.36
58195.400116,69,17,g,18.95
58195.408448,57,16,g,19.01
58195.416285,58,17,g,19.01
58195.424552,54,17,g,18.97
58203.378438,-216,64,o,17.78
58203.393135,-108,57,o,17.86
58213.364506,5,23,o,18.34
58213.371368,69,30,o,18.32
58213.378265,23,25,o,18.22
58213.39336,3,33,o,18.13
58219.339242,-18,26,o,18.75
58219.347073,-31,24,o,18.84
58219.35489,-43,23,o,18.82
58219.362699,1,25,o,18.81
58223.329652,-46,25,o,18.68
58223.33748,-47,27,o,18.63
58223.345291,-70,26,o,18.66
58223.35311,-49,25,o,18.56
58225.330265,-52,69,c,17.24
58225.338085,75,71,c,17.4
58225.345893,-42,92,c,17.13
58225.353694,120,73,c,17.52
58229.323047,-6285612607,21417642956,o,-3.68
58229.330823,-17266803158,18587760777,o,-3.56
58229.338628,-1382,5733,o,13.05
58233.317681,34,26,o,18.49
58233.32546,15,23,o,18.44
58233.333259,14,26,o,18.47
58233.341174,-50,32,o,18.39
58245.292697,0,16,o,18.85
58245.29959,68,22,o,18.75
58245.306484,30,22,o,18.77
58245.313347,21,21,o,18.81
58250.275896,106,94,c,16.72
58250.28338,25,18,c,18.98
58250.29185,73,18,c,18.91
58251.251619,13,20,o,18.84
58251.259441,-2,21,o,18.87
58251.267283,50,20,o,18.89
58251.275119,15,16,o,18.96
58252.256412,27,11,c,19.42
58252.265131,51,11,c,19.4
58252.283716,35,14,c,19.37
58257.259131,35,28,c,18.44
58257.267051,6,26,c,18.32
58259.263829,52,29,o,18.65
58259.271752,-36,26,o,18.55
58261.245264,-48,43,o,18.05
58261.253205,78,27,o,18.54
58459.575348,-63,22,o,18.9
58459.583192,-41,20,o,18.91
58459.591023,-15,21,o,18.92
58459.598858,-31,20,o,19.0
58465.591432,40,23,o,18.94
58465.601505,21,21,o,18.93
58465.612962,59,24,o,18.91
58465.622575,-20,25,o,18.85
58465.623489,-14411992592,7130143703,o,-2.39
58467.588746,-56,16,o,18.92
58467.598945,-29,17,o,19.06
58467.603925,-46,18,o,18.73
58467.610376,-39,18,o,19.02
58467.611304,-63,20,o,18.75
58467.620987,-36,21,o,18.69
58467.621907,-49,19,o,19.03
58467.626974,17,22,o,18.65
58469.634418,37,29,o,18.33
58469.634876,73,45,o,17.72
58469.647222,34,45,o,17.96
58469.647679,13,26,o,18.51
58469.653191,40,45,o,17.95
58469.656866,29,28,o,18.46
58469.661907,35,48,o,17.86
58469.662364,69,36,o,18.27
58471.616876,-28,24,o,18.41
58471.627012,37,21,o,18.67
58471.628856,40,19,o,18.71
58471.629776,3,16,o,18.74
58471.637605,-18,21,o,18.56
58471.638984,-46,21,o,18.64
58471.63991,10,22,o,18.69
58471.643591,-12,20,o,18.71
58473.607526,-3,84,o,17.24
58473.614387,-88,66,o,17.33
58473.623534,-45,62,o,17.57
58473.627374,-19428727262,17662479329,o,-3.0
58473.632598,42,41,o,17.71
58473.633511,228,80,o,17.13
58473.634883,-1,79,o,17.2
58473.642708,66,72,o,17.4
58479.550939,22,28,o,18.54
58479.561433,-3,27,o,18.4
58479.565995,36,24,o,18.7
58479.571984,-5,29,o,18.33
58479.574294,13,22,o,18.71
58479.582581,-21,23,o,18.67
58479.583962,33,35,o,18.21
58479.589024,-90,22,o,18.66
58483.600158,-3,20,o,18.71
58483.602001,-39,23,o,18.71
58483.608915,-44,22,o,18.68
58483.610762,-74,23,o,18.6
58483.61769,-74,27,o,18.55
58483.619537,-60,17,o,18.75
58483.626455,-54,23,o,18.55
58483.628298,-7,20,o,18.65
58485.60175,40,53,c,17.69
58485.60728,-26,34,c,18.25
58485.611415,15,43,c,17.86
58485.616936,13,36,c,18.24
58485.621083,-34,46,c,17.93
58485.627486,50,30,c,18.43
58485.628401,16,37,c,17.99
58485.63622,71,32,c,18.34
58487.591533,28,16,o,18.83
58487.595219,0,16,o,18.99
58487.601209,4,18,o,18.83
58487.604896,7,16,o,19.12
58487.607664,15,28,o,19.08
58487.610888,23,16,o,18.92
58487.614578,-12,15,o,19.03
58487.620571,7,18,o,18.88
58487.624269,0,21,o,18.96
58489.588703,32,49,c,17.98
58489.59243,7,28,c,18.25
58489.597946,-18,42,c,18.0
58489.601737,67,27,c,18.26
58489.60774,48,40,c,18.12
58489.611413,46,26,c,18.46
58489.620662,46,22,c,18.4
58491.536149,-82,18,o,18.86
58491.548696,-34,20,o,18.87
58491.553229,-26,15,o,19.24
58491.559865,-16,22,o,18.62
58491.561246,22,17,o,19.07
58491.570368,-13,23,o,19.02
58491.57175,-30,17,o,18.69
58491.577474,-28,20,o,19.09
58493.524194,17,34,c,18.04
58493.534616,5608903662,6340499792,c,-2.39
58493.539095,70,27,c,18.7
58493.545674,-16,216,c,16.55
58493.547501,51,60,c,17.98
58493.555905,97,33,c,18.5
58493.55682,0,0,c,-2.46
58493.563142,92,59,c,18.17
58495.568898,-52,18,o,19.05
58495.579409,-22,17,o,19.09
58495.582639,3,18,o,18.88
58495.589124,-17,17,o,19.09
58495.592372,16,17,o,18.96
58495.598853,21,17,o,19.08
58495.602085,-52,16,o,19.0
58495.611793,-7,16,o,19.03
58497.516826,42,12,o,19.31
58497.52793,1,17,o,19.34
58497.532963,61,17,o,19.18
58497.536338,6,15,o,19.34
58497.540184,15,18,o,19.28
58497.5411,17,16,o,19.12
58497.547045,47,18,o,19.35
58497.54933,33,13,o,19.18
58497.550245,53,19,o,19.33
58497.556118,36,16,o,19.13
58497.558406,36,13,o,19.32
58497.569738,32,18,o,19.34
58507.481787,-113,30,o,18.2
58507.490536,-8,34,o,18.32
58507.500669,23,30,o,18.34
58519.499871,6,16,o,19.0
58519.512762,-15,19,o,18.96
58519.521053,-36,17,o,18.96
58519.527499,0,20,o,18.95
58523.483459,19,19,o,18.81
58523.49497,-57,22,o,18.81
58523.496352,30,16,o,18.89
58523.50695,-33,20,o,18.81
58527.464773,-470,287,o,18.54
58527.470302,-148,48,o,18.52
58527.47076,2,22,o,19.12
58527.47537,-154,39,o,18.61
58527.477217,-12,22,o,18.99
58527.485514,10,20,o,19.08
58527.486896,-40,24,o,18.77
58527.492422,-31,20,o,19.03
58531.468372,-9,38,o,18.03
58531.478066,-108,52,o,17.91
58531.479447,-12,35,o,17.91
58531.486845,5,49,o,17.91
58531.487766,-60,55,o,17.93
58531.489147,-12,41,o,17.85
58531.49652,77,53,o,17.95
58531.49744,29,50,o,17.95
58531.498821,5,41,o,17.96
58531.50623,4,50,o,18.02
58531.508537,-34,39,o,17.92
58531.515912,-28,60,o,17.96
58539.444299,13,21,o,18.64
58539.453054,16,23,o,18.66
58539.459043,-5,19,o,18.86
58539.461356,-7,22,o,18.73
58539.467346,15,18,o,18.86
58539.470114,-18,24,o,18.8
58539.476105,-10,18,o,18.81
58539.484902,19,22,o,18.78
58543.428534,-8,19,o,18.76
58543.430838,40,17,o,19.08
58543.433139,23,18,o,18.8
58543.443268,2,17,o,18.88
58543.445111,20,17,o,19.06
58543.453406,-6,18,o,19.07
58543.455246,12,18,o,18.86
58543.459393,30,15,o,19.09
58547.419212,56,64,o,17.86
58547.422913,55,76,o,17.19
58547.427526,-25,80,o,18.36
58547.431213,-7,30,o,18.6
58547.432594,46,30,o,18.3
58547.433976,-30,46,o,18.43
58547.440417,-41,23,o,18.75
58547.442263,-2,29,o,18.3
58547.443647,40,28,o,18.68
58547.453322,21,26,o,18.73
58547.454706,11,20,o,18.82
58547.458389,8,23,o,18.75
58551.427727,-18,22,o,18.33
58551.436978,33,18,o,18.6
58551.43744,-4,22,o,18.51
58551.446205,-6,24,o,18.56
58551.446666,-56,22,o,18.4
58551.455939,-42,20,o,18.64
58551.4564,-23,23,o,18.47
58551.465657,4,19,o,18.77
58555.428882,2183128085,12371059148,o,-3.32
58555.432135,6590822272,12543823033,o,-3.06
58555.438143,10,17,o,18.66
58555.441369,-14,20,o,19.0
58555.447378,-46,18,o,18.65
58555.451069,-11,65,o,17.92
58555.460315,-5621258876,11041758506,o,-2.96
58559.401729,28,32,o,18.43
58559.403577,-63,52,o,17.95
58559.410025,-31,34,o,18.39
58559.411871,-5,33,o,18.01
58559.417868,79,30,o,18.43
58559.419712,-791,121,o,18.08
58559.42619,14,34,o,18.42
58559.428032,57,34,o,18.18
58565.440236,21,30,o,18.53
58565.447737,19,26,o,18.5
58567.373651,-32,37,o,18.44
58567.381507,48,152,o,17.46
58567.389343,44,128,o,17.08
58567.397198,-441,537,o,16.4
58567.402723,39918659439,45381212836,o,-4.22
58571.374345,1,21,o,18.79
58571.382192,19,18,o,18.79
58571.383112,19,21,o,18.83
58571.390958,-14,17,o,18.86
58571.391417,-8,20,o,18.82
58571.399736,-13,20,o,18.67
58571.408054,2,25,o,18.71
58575.369093,2,23,o,18.64
58575.376933,-15,22,o,18.54
58575.379268,-6,30,o,18.58
58575.385302,-4,21,o,18.69
58575.38762,-2,31,o,18.6
58575.395935,-24,30,o,18.69
58577.363545,53,14,c,19.08
58577.371889,43,16,c,19.12
58577.376125,42,11,c,19.28
58577.37798,24,16,c,19.16
58577.384473,53,14,c,19.25
58577.386303,43,13,c,19.19
58577.392798,49,14,c,19.29
58577.394642,7,15,c,19.16
58577.401543,34,14,c,19.28
58579.347063,-6,22,o,18.68
58579.352603,34,16,o,18.99
58579.355372,-3,21,o,18.73
58579.360454,10,23,o,18.81
58579.362771,1,21,o,18.81
58579.368295,6,18,o,18.99
58579.371065,21,16,o,18.84
58579.376616,46,20,o,19.01
58581.363451,62,12,c,19.28
58581.372259,51,14,c,19.26
58581.379678,54,16,c,19.26
58581.387945,24,15,c,19.22
58583.353165,13,26,o,18.65
58583.354602,22,20,o,18.77
58597.317355,6,34,o,18.72
58599.328055,24,20,o,18.96
58599.335926,14,21,o,18.95
58599.343332,36,32,o,18.74
58605.33589,43,15,c,19.09
58607.296227,6518584820,16488185132,o,-3.44
58607.300003,-630986263,20191560428,o,-3.66
58607.307875,14706103096,23897417532,o,-3.57
58607.315256,18604184367,19698548154,o,-3.55
58607.323157,4691204302,13712751036,o,-3.32
58611.258238,18,22,o,18.84
58611.260681,-11,20,o,18.92
58611.266808,-36,21,o,18.9
58611.282706,31,16,o,18.99
58613.241824,-60,26,o,18.46
58613.244689,18,26,o,18.73
58613.245147,-22,22,o,18.73
58613.24884,46,21,o,18.88
58613.252081,5,15,o,18.92
58613.253917,22,16,o,18.98
58613.264297,25,21,o,18.9
58613.265212,29,19,o,18.96
58619.242297,-28,52,o,17.75
58619.24556,15,46,o,17.91
58619.253028,22,48,o,17.98
58619.254415,73,46,o,18.22
58619.257737,-27,45,o,18.16
58619.262944,13,52,o,18.17
58619.263405,24,47,o,18.02
58619.272776,50,50,o,18.17
58621.254688,-29,35,o,18.16
58621.257943,28,37,o,18.14
58621.264564,11,33,o,18.17
58621.276941,51,39,o,18.17
58622.257792,-195,251,H,16.13
58623.247451,23,21,o,18.83
58623.250221,18,22,o,18.78
58623.255293,3,25,o,18.71
58623.267309,-24,36,o,18.49
58625.257438,32,16,o,19.13
58625.260723,17,14,o,19.09
58625.266422,9,17,o,19.05
58625.277677,7,14,o,19.12
58821.59601,25,14,o,19.46
58821.599307,-1,19,o,19.33
58821.612868,38,22,o,18.9
58821.618711,27,13,o,19.4
58821.622963,40,17,o,18.78
58821.62743,54,13,o,19.31
58821.660823,201,128,o,17.17
58825.572444,55,12,o,19.31
58825.57785,33,12,o,19.46
58825.581148,29,16,o,19.44
58825.591508,56,12,o,19.5
58825.605549,22,11,o,19.43
58825.608935,40,10,o,19.42
58825.614469,50,13,o,19.42
58825.626541,32,13,o,19.46
58829.580506,47,43,o,18.06
58829.58781,57,36,o,18.03
58829.589652,71,40,o,18.02
58829.591023,26,39,o,18.07
58829.592855,69,33,o,17.99
58829.598414,87,36,o,18.09
58829.607955,35,44,o,18.11
58829.611655,55,38,o,18.03
58837.533021,-8,28,o,19.02
58837.543123,74,23,o,17.6
58837.560452,9851426129,30133774043,o,-3.72
58837.582111,7636730320,27046753217,o,-3.81
58837.588883,-6,372,o,16.16
58837.602047,63,34,o,18.36
58839.526907,413,2064,o,14.0
58839.529712,-1262,2231,o,14.58
58839.534836,962,874,o,15.44
58839.544651,-23,20,o,18.73
58841.625707,32,12,c,19.4
58841.631156,19,12,c,19.35
58841.64855,32,11,c,19.4
58841.649007,28,12,c,19.27
58841.653171,39,11,c,19.39
58841.654554,28,15,c,19.3
58841.658717,63,13,c,19.27
58841.67116,139,69,c,17.43
58845.521284,32,10,c,19.57
58845.524503,34,11,c,19.54
58845.53155,55,10,c,19.57
58845.548044,16,11,c,19.37
58845.598589,45,11,c,19.37
58845.60181,9,11,c,19.36
58845.607345,1,15,c,19.35
58845.618414,55,13,c,19.31
58851.493954,48,13,o,19.53
58851.497177,22,11,o,19.51
58851.503674,6,12,o,19.34
58851.519439,28,11,o,19.34
58855.4908,0,33,o,18.41
58855.510187,-35,25,o,18.46
58855.522316,-26,27,o,18.5
58855.532425,-7,24,o,18.6
58867.451767,-5,17,o,18.96
58867.459449,21,13,o,19.16
58867.478598,4,11,o,19.24
58867.48182,44,17,o,19.2
58871.439715,11,12,o,19.19
58871.442965,8,16,o,18.98
58871.453289,6,16,o,19.05
58871.463169,56,16,o,19.12
58875.446607,-28,19,o,18.93
58875.45081,-98,21,o,18.69
58875.45174,6,21,o,18.77
58875.457086,34,18,o,18.87
58875.458452,-36,19,o,18.9
58875.466473,26,19,o,18.99
58875.467394,42,15,o,19.0
58875.472648,53,17,o,19.07
58883.409416,20,27,o,18.45
58883.41919,35,27,o,18.42
58883.421964,0,25,o,18.5
58883.434324,-36,28,o,18.46
58887.412697,2,52,o,17.82
58887.432308,-27,53,o,17.83
58887.435539,-19,49,o,17.83
58887.446779,-62,55,o,17.74
58913.401018,47,29,o,18.64
58913.403764,-16,30,o,18.61
58913.408824,23,28,o,18.67
58913.413395,-3,18,o,18.74
58913.416139,40,24,o,18.79
58913.418427,61,28,o,18.64
58913.421171,47,17,o,18.84
58915.333825,3,42,o,17.93
58915.337997,-93,178,o,17.14
58915.347841,327,219,o,16.61
58915.353378,143,236,o,16.23
58919.322937,25,36,o,18.26
58919.327101,35,37,o,18.25
58919.345276,94,36,o,18.27
58919.355431,66,32,o,18.39
58939.262677,1467,1377,o,15.84
58939.272454,26,54,o,17.82
58939.279049,26,17,o,18.83
58939.293599,-19,86,o,17.46
58941.317413,31,15,o,18.94
58941.32066,34,21,o,18.85
58941.325915,46,26,o,18.85
58941.33711,13,25,o,18.87
58941.342681,17,18,o,18.96
58941.345916,68,21,o,18.94
58941.351474,36,18,o,18.91
58941.361417,24,17,o,18.9
58955.246499,-26,25,o,18.53
58955.252077,30,24,o,18.64
58955.256248,49,21,o,18.81
58955.270762,13,15,o,19.0
58959.235463,34,17,o,18.93
58959.240078,58,15,o,19.08
58959.245245,50,16,o,19.12
58959.298114,40,16,o,19.09
58961.275548,35,15,c,19.26
58961.279281,56,17,c,19.27
58961.285339,48,15,c,19.25
58961.290411,38,13,c,19.27
58961.293229,59,15,c,19.29
58961.295517,91,13,c,19.19
58961.300302,14,14,c,19.26
58961.304031,30,11,c,19.41
58961.307254,56,12,c,19.37
58961.312386,39,14,c,19.33
58961.313341,56,11,c,19.4
58961.323962,18,14,c,19.33
58971.269344,-12,17,o,18.89
58971.273487,50,15,o,18.91
58971.279553,70,19,o,18.88
58971.290158,25,21,o,18.84
58973.239435,75,46,o,17.99
58973.244971,62,36,o,18.24
58973.248179,26,32,o,18.34
58973.251392,8,29,o,18.43
58973.25461,49,33,o,18.45
58973.261091,-15,31,o,18.38
58973.261548,61,36,o,18.48
58973.271686,59,32,o,18.51
58975.281821,20,32,o,18.37
58975.28643,-9,34,o,18.44
58975.292421,13,29,o,18.4
58975.304877,34,32,o,18.35
58981.246398,42,20,c,18.84
58981.246855,62,16,c,18.86
58981.251975,48,16,c,19.08
58981.254263,57,13,c,19.2
58981.255178,72,17,c,19.11
58981.25749,67,13,c,19.13
58981.258404,64,14,c,19.22
58981.266692,59,15,c,19.18
58981.267606,42,17,c,19.17
58981.268063,31,13,c,19.17
58981.272211,53,17,c,19.2
58981.284185,14,16,c,19.19
59183.643887,-1,32,o,18.07
59183.646193,16,30,o,17.98
59183.646655,34,35,o,18.04
59183.648959,86,44,o,17.95
59183.64942,23,30,o,18.01
59183.652643,32,37,o,17.82
59183.653565,25,41,o,17.8
59183.655408,18,46,o,17.66
59185.592761,40,31,o,18.41
59185.593674,16,25,o,18.4
59185.595964,65,26,o,18.61
59185.596878,-15,30,o,18.48
59185.598708,28,27,o,18.54
59185.602407,22,28,o,18.48
59185.603322,49,29,o,18.45
59185.606997,52,24,o,18.49
59185.607912,14,25,o,18.47
59185.611965,14,27,o,18.46
59185.614252,34,26,o,18.49
59185.635439,64,27,o,18.57
59187.561262,19,32,o,18.55
59187.564485,-35,25,o,18.47
59187.570409,-20,28,o,18.46
59187.580563,-66,34,o,18.17
59191.54939,25,21,o,18.72
59191.552614,42,20,o,18.71
59191.558145,12,23,o,18.79
59191.569185,13,19,o,18.92
59197.58983,59,11,c,19.47
59197.591658,25,10,c,19.49
59197.594417,38,10,c,19.44
59197.599459,58,13,c,19.46
59205.557398,25,13,c,19.29
59205.559227,41,14,c,19.28
59205.563343,40,13,c,19.17
59205.567002,41,17,c,19.07
59205.568374,35,13,c,19.22
59205.568831,11,12,c,19.19
59205.572032,-18,30,c,19.19
59207.516821,28,13,c,19.19
59207.520044,29,12,c,19.23
59207.525571,20,13,c,19.26
59207.537102,31,12,c,19.38
59209.593292,12,17,o,19.09
59209.597434,46,17,o,19.12
59209.603428,34,17,o,19.02
59209.614405,17,20,o,19.02
59209.621274,22,20,o,18.98
59209.626768,41,16,o,19.07
59209.637366,13,24,o,19.13
59209.643357,-28,427,o,19.16
59209.666448,90,41,o,18.32
59219.487636,47,26,o,18.51
59219.509526,51,24,o,18.68
59219.512753,21,24,o,18.77
59219.518285,52,24,o,18.63
59223.488718,50,12,c,19.34
59223.492407,48,10,c,19.49
59223.497931,35,11,c,19.43
59223.508547,6,20,c,19.34
59229.506637,42,11,c,19.43
59229.508465,53,10,c,19.5
59229.508922,43,12,c,19.53
59229.511208,45,10,c,19.47
59229.512122,27,10,c,19.55
59229.518085,50,11,c,19.5
59229.521287,59,11,c,19.45
59229.523573,17,11,c,19.55
59243.45519,19,46,o,17.89
59243.458895,-2,50,o,17.86
59243.464895,77,40,o,17.96
59243.475083,-6,51,o,17.84
59247.510487,-8,19,o,18.9
59247.543833,23,18,o,18.89
59247.547059,67,24,o,18.92
59247.552586,77,21,o,18.93
59251.49256,38,10,c,19.42
59251.505326,59,11,c,19.31
59251.509481,41,11,c,19.29
59251.514899,63,12,c,19.38
59253.476247,60,14,c,19.39
59253.476705,67,11,c,19.41
59253.479458,36,13,c,19.4
59253.479916,58,11,c,19.45
59253.486813,53,12,c,19.39
59253.48727,61,11,c,19.43
59253.497838,51,14,c,19.37
59253.498754,45,12,c,19.38
59255.411565,44,12,c,19.26
59255.414404,48,12,c,19.36
59255.419942,14,14,c,19.21
59255.430077,67,12,c,19.32
59257.405047,38,12,c,19.32
59257.405505,38,12,c,19.43
59257.408249,44,10,c,19.43
59257.408707,57,11,c,19.47
59257.413738,43,10,c,19.44
59257.414196,47,11,c,19.51
59257.423859,54,9,c,19.49
59257.424317,62,10,c,19.48
59265.440633,12694360786,19519285940,o,-3.63
59265.450458,48,439,o,15.6
59265.452262,-319,189,o,16.21
59267.486261,36,17,o,19.06
59267.489484,15,15,o,19.03
59267.494608,17,16,o,19.0
59271.461842,17,34,o,18.22
59271.465067,24,29,o,18.22
59271.472438,6,35,o,18.17
59277.468691,55,22,o,18.75
59277.472958,42,19,o,18.71
59277.478124,53,22,o,18.75
59277.491097,-15,36,o,18.61
59289.408149,37,12,c,19.44
59289.408607,45,11,c,19.47
59289.412367,54,14,c,19.4
59289.412825,67,14,c,19.43
59289.417887,43,13,c,19.44
59289.418345,47,13,c,19.47
59289.430177,55,12,c,19.4
59289.431099,57,12,c,19.46
59305.327695,32,14,o,19.13
59305.330906,43,16,o,19.13
59305.337339,60,15,o,19.13
59305.340554,32,20,o,19.05
59305.343768,74,18,o,18.97
59305.347433,32,25,o,18.95
59305.352042,50,24,o,18.83
59305.362629,75,26,o,18.51
59315.328375,38,10,c,19.74
59315.331602,40,8,c,19.7
59315.338987,58,10,c,19.72
59315.350509,48,10,c,19.65
59319.318265,48,9,c,19.68
59319.321953,52,9,c,19.76
59319.327481,66,10,c,19.61
59319.337617,47,11,c,19.71
59321.29225,40,18,o,19.02
59321.295453,-5,17,o,19.05
59321.301446,56,17,o,19.08
59321.312461,44,19,o,18.98
59331.282493,50,35,o,18.21
59331.286178,10,42,o,18.23
59331.29264,18,45,o,18.12
59331.306472,26,51,o,17.94
59333.280005,29,22,o,18.88
59333.280463,15,22,o,18.95
59333.283217,46,18,o,18.9
59333.283675,34,24,o,18.92
59333.289176,56,22,o,18.84
59333.289634,36,20,o,18.81
59333.300757,40,28,o,18.54
59333.301215,35,31,o,18.48
59335.280185,35,14,o,19.32
59335.283868,23,14,o,19.34
59335.289392,38,14,o,19.43
59335.301384,17,14,o,19.34
59337.243572,34,23,c,18.8
59337.244029,49,25,c,18.88
59337.246773,64,23,c,18.94
59337.247688,15,22,c,18.8
59337.252264,52,17,c,18.78
59337.253178,22,22,c,18.71
59337.264614,254,225,c,16.54
59337.265071,-790,348,c,16.3
59343.257992,40,15,o,19.31
59343.265368,11,17,o,19.26
59343.268602,14,12,o,19.33
59343.279663,-2,14,o,19.25
59349.243174,98,32,c,18.25
59349.245462,-16,17,c,18.75
59349.246397,102,28,c,18.73
59349.248694,27,17,c,19.01
59349.251905,30,17,c,18.97
59349.256485,36,19,c,19.19
59349.262488,30,18,c,19.06
59349.268605,53,16,c,19.2
59355.241272,43,26,o,18.74
59355.244494,46,22,o,18.92
59355.252322,38,19,o,18.94
59355.262455,-7,17,o,19.0
59357.24432,26,48,o,18.01
59357.247524,48,40,o,18.1
59357.253039,-11,39,o,18.21
59357.263114,69,42,o,18.12
59359.243654,40,34,o,17.98
59359.247342,-59,38,o,18.15
59359.254707,-20,36,o,18.28
59359.26577,55,38,o,18.2
59531.61479,-162,74,o,18.28
59531.618934,-40,40,o,18.31
59531.635129,-38,30,o,18.32
59531.646176,-116,51,o,17.85
59535.601037,133,116,o,17.21
59535.604276,140,106,o,17.25
59535.610738,-136,140,o,17.32
59535.630155,66,39,o,18.07
59537.628959,72,33,o,18.09
59537.635373,-8,38,o,18.05
59537.652173,61,47,o,17.84
59537.657661,5,120,o,17.14
59539.616544,19,46,o,18.1
59539.620693,-60,42,o,18.18
59539.63695,-53,49,o,18.08
59539.649393,-88,38,o,17.91
59541.604785,-7,27,o,18.57
59541.608448,18,24,o,18.73
59541.613944,4,22,o,18.76
59541.618076,-7,22,o,18.64
59541.621277,55,20,o,18.64
59541.632257,50,20,o,18.8
59541.638678,29,25,o,18.68
59541.649211,18,23,o,18.61
59543.58333,10,34,o,18.34
59543.588765,-10,33,o,18.27
59543.592824,-61,32,o,18.25
59543.602917,-92,26,o,18.42
59545.59837,21,22,o,18.83
59545.601573,4,23,o,18.78
59545.607523,32,21,o,18.82
59545.610725,16,24,o,18.64
59545.612553,1,22,o,18.78
59545.617597,23,19,o,18.83
59545.618055,36,22,o,18.76
59545.637836,48,21,o,18.73
59563.5531,-20,34,o,18.19
59563.5568,5,33,o,18.32
59563.562344,-8,33,o,18.31
59563.572541,-28,27,o,18.57
59565.62621,147,283,o,16.15
59565.626668,123,227,o,15.85
59565.632627,-158,127,o,16.49
59565.633084,119,95,o,16.95
59565.648761,69,28,o,18.31
59565.649218,-21,30,o,18.31
59565.653404,27,28,o,18.54
59565.653861,56,28,o,18.58
59580.050888,11,13,o,19.15
59580.054641,-33,13,o,19.04
59580.06136,0,15,o,19.18
59580.078387,4,14,o,19.13
59585.556775,66,13,c,19.18
59585.557691,27,15,c,19.18
59585.559988,76,12,c,19.26
59585.560902,35,15,c,19.18
59585.565498,49,11,c,19.24
59585.566884,36,16,c,19.17
59585.576948,52,14,c,19.13
59585.57788,42,17,c,19.05
59585.583837,34,14,c,19.11
59585.60854,33,16,c,18.97
59585.611741,33,15,c,19.12
59585.617228,16,16,c,19.1
59585.955927,38,13,c,19.34
59585.958784,49,17,c,19.23
59585.963934,38,14,c,19.31
59585.986648,43,13,c,19.27
59589.558981,34,27,c,18.64
59589.562186,20,21,c,18.93
59589.568617,47,14,c,19.12
59589.569075,46,16,c,19.27
59589.572296,54,14,c,19.27
59589.578249,50,13,c,19.36
59589.581465,41,14,c,19.24
59589.589713,40,12,c,19.33
59591.457133,4,38,o,18.33
59591.460356,-31,31,o,18.34
59591.465903,14,35,o,18.41
59591.477821,48,34,o,18.34
59596.949743,127,30,o,18.53
59596.950677,4,26,o,18.55
59596.985611,12,23,o,18.58
59596.992411,15,24,o,18.53
59597.010372,27,25,o,18.59
59598.885057,46,33,o,17.99
59600.937909,59288906886,45140417743,o,-4.33
59600.940743,114,101,o,17.35
59600.967612,48,33,o,18.37
59600.97322,-10,19,o,18.77
59603.550931,-16,28,o,18.53
59603.554614,12,34,o,18.57
59603.587676,17,33,o,18.42
59603.591825,19,28,o,18.5
59605.00571,44,15,o,19.14
59605.007588,12,13,o,19.11
59605.010471,33,15,o,19.12
59605.047331,21,18,o,19.0
59608.046136,52,14,c,19.46
59608.068239,60,11,c,19.44
59608.098359,48,13,c,19.42
59608.123552,21,32,c,18.46
59614.034193,44,11,c,19.59
59614.037012,57,10,c,19.5
59614.042563,40,9,c,19.53
59615.903318,34,11,c,19.43
59615.911042,42,11,c,19.44
59615.916345,60,12,c,19.46
59615.948736,64,11,c,19.51
59617.875344,15,16,o,19.22
59617.878594,45,20,o,19.22
59617.88612,68,15,o,19.22
59617.88796,0,15,o,19.27
59618.899929,30,14,o,19.32
59618.919941,18,12,o,19.29
59618.935119,26,15,o,19.33
59618.937585,-4,16,o,19.3
59619.985285,38,9,c,19.7
59619.994886,58,10,c,19.66
59620.001195,52,9,c,19.66
59620.014176,26,9,c,19.66
59622.002013,49,10,c,19.57
59622.004846,28,9,c,19.57
59622.013985,58,11,c,19.58
59622.017215,31,10,c,19.64
59627.961988,34,25,o,18.48
59627.965922,58,32,o,18.39
59627.977912,22,110,o,17.35
59627.988269,-30,32,o,18.35
59628.130769,14,30,o,18.54
59628.132135,-7,26,o,18.57
59628.14878,57,27,o,18.57
59628.1711,58,28,o,18.65
59632.239719,34,14,o,19.05
59632.243435,24,12,o,19.09
59632.248919,30,16,o,19.15
59632.259117,42,17,o,19.05
59636.230527,27,16,o,19.56
59636.23336,25,13,o,19.56
59636.2393,55,12,o,19.52
59636.241023,18,11,o,19.6
59636.244796,32,13,o,19.61
59636.249811,52,11,o,19.62
59636.253093,6,16,o,19.53
59636.260691,36,15,o,19.58
59638.228748,45,10,o,19.41
59638.25878,35,10,o,19.52
59638.28677,31,8,o,19.48
59638.31175,47,10,o,19.55
59638.96613,-41567969919,14862290921,o,-3.01
59639.255124,37,8,c,19.58
59639.258822,62,10,c,19.65
59639.294048,47,11,c,19.64
59639.322759,60,13,c,19.43
59640.187556,48,9,c,19.62
59640.220001,44,8,c,19.61
59640.222734,59,10,c,19.62
59640.252787,56,9,c,19.6
59641.219055,47,10,o,19.45
59641.222292,12,13,o,19.44
59641.258309,21,11,o,19.46
59641.286378,12,15,o,19.38
59642.183386,44,12,o,19.4
59642.218008,13,11,o,19.52
59642.221215,3,11,o,19.42
59642.227544,0,11,o,19.44
59642.917339,19,14,o,19.36
59642.920207,59,14,o,19.33
59642.947418,32,31,o,18.36
59642.949248,59,53,o,17.86
59643.935352,48,10,o,19.63
59643.936295,21,11,o,19.68
59643.938115,35,9,o,19.63
59643.953659,22,11,o,19.63
59643.954571,49,12,o,19.58
59643.956406,19,11,o,19.63
59643.962907,6,10,o,19.59
59643.963403,39,11,o,19.65
59644.132313,47,12,c,19.49
59644.135015,26,9,c,19.5
59644.13821,69,11,c,19.52
59644.165623,53,10,c,19.57
59645.137343,54,11,c,19.57
59645.140152,44,11,c,19.61
59645.142974,37,9,c,19.55
59645.170588,60,10,c,19.64
59645.944319,30,11,o,19.58
59645.948428,17,12,o,19.56
59645.953457,14,12,o,19.51
59645.964875,28,11,o,19.46
59645.972632,43,9,o,19.56
59645.975388,31,13,o,19.55
59645.980788,43,10,o,19.53
59645.992649,37,14,o,19.54
59646.92328,-8,13,o,19.52
59646.925224,31,11,o,19.55
59646.926154,4,12,o,19.5
59646.9424,42,13,o,19.46
59646.942855,42,11,o,19.52
59646.946568,17,11,o,19.51
59646.947934,24,11,o,19.4
59646.964344,21,14,o,19.48
59647.880515,27,10,o,19.56
59647.881902,11,11,o,19.51
59647.898537,23,12,o,19.56
59647.916585,28,10,o,19.62
59652.128767,20,21,o,19.0
59652.130708,12,18,o,18.98
59652.13443,35,19,o,19.01
59652.140776,33,19,o,19.03
59653.159138,23,26,o,18.82
59653.162919,13,20,o,18.86
59653.170036,-27,24,o,18.73
59653.184051,59,24,o,18.92
59654.209864,52,22,o,18.83
59654.214243,41,21,o,18.79
59654.21944,44,22,o,18.82
59654.231038,32,26,o,18.78
59654.904037,20,22,o,18.89
59654.926766,40,21,o,18.95
59654.92951,24,20,o,18.93
59654.949005,38,20,o,18.91
59656.191996,34,42,o,18.42
59656.195602,33,29,o,18.4
59656.201008,-17,30,o,18.43
59656.211235,66,33,o,18.37
59657.222693,5,25,o,18.6
59657.226685,44,22,o,18.54
59657.234351,-35,51,o,17.91
59658.182731,92,18,o,18.81
59658.186735,40,17,o,18.79
59658.196229,22,16,o,18.76
59658.210878,17,18,o,18.76
59659.990599,-5331947216,17850431984,o,-3.23
59660.149023,34,15,o,19.09
59660.152197,17,12,o,19.07
59660.188198,29,16,o,19.09
59660.194532,17,15,o,19.12
59661.16,-7,15,o,19.14
59661.186248,45,14,o,19.07
59661.206689,48,18,o,19.0
59661.224123,31,19,o,18.74
59662.225175,22,12,o,19.31
59662.228364,43,12,o,19.24
59662.25319,17,12,o,19.22
59662.272616,21,12,o,19.22
59664.169433,56,12,o,19.51
59664.17305,32,9,o,19.51
59664.178534,18,10,o,19.53
59664.192633,44,13,o,19.48
59665.131021,15,13,o,19.47
59665.153256,66,14,o,19.54
59665.155987,54,14,o,19.57
59665.89795,36,9,c,19.81
59665.901249,60,10,c,19.77
59665.906603,44,9,c,19.75
59665.94191,49,10,c,19.75
59666.108658,56,14,o,19.45
59666.111503,0,12,o,19.49
59666.118049,34,13,o,19.46
59666.157403,31,14,o,19.48
59668.12449,-4,13,o,19.52
59668.127779,29,11,o,19.52
59668.155942,5,12,o,19.53
59668.161394,29,14,o,19.5
59669.100531,67,12,o,19.5
59669.10549,36,12,o,19.5
59669.114697,26,14,o,19.46
59669.155906,44,14,o,19.56
59670.16262,13,12,o,19.49
59670.16602,38,15,o,19.5
59670.19236,36,12,o,19.43
59670.21269,29,12,o,19.45
59673.160771,14,14,o,19.42
59673.186871,70,14,o,19.4
59673.206148,32,14,o,19.48
59673.211877,26,16,o,19.42
59674.093336,25,12,o,19.41
59674.11153,29,12,o,19.43
59674.114296,45,12,o,19.44
59676.078251,45,15,o,19.39
59676.081516,56,14,o,19.41
59676.086483,14,12,o,19.44
59676.119986,4,14,o,19.52
59677.094299,18,14,o,19.32
59677.099497,52,15,o,19.31
59677.106331,52,16,o,19.28
59677.11667,40,17,o,19.38
59680.130806,41,17,o,19.15
59680.13363,72,16,o,19.23
59680.138603,65,17,o,19.21
59680.14812,25,16,o,19.23
59684.066131,35,26,o,18.49
59684.069767,-6,21,o,18.55
59684.074733,33,25,o,18.61
59684.109739,34,20,o,18.65
59685.867674,89,37,o,18.26
59685.871342,34,41,o,18.17
59685.878876,-49,42,o,18.2
59685.898082,-6,38,o,18.27
59686.919974,21,21,o,18.71
59686.922741,-27,23,o,18.75
59686.937762,27,29,o,18.72
59686.979018,11,30,o,18.57
59688.14278,73,40,o,17.84
59688.145534,145,83,o,17.38
59688.151977,60,75,o,17.55
59688.166977,351,563,o,15.27
59689.202631,61,21,o,18.84
59689.206123,16,21,o,18.84
59689.212727,11,21,o,18.76
59689.223992,5,21,o,18.7
59689.795268,25,10,o,19.47
59689.798973,1,10,o,19.44
59689.80494,35,11,o,19.44
59689.815645,52,12,o,19.36
59692.058482,41,15,o,19.43
59692.062273,51,15,o,19.42
59692.068729,25,14,o,19.4
59692.078643,45,14,o,19.41
59700.05701,37,14,o,19.37
59700.059781,17,15,o,19.37
59700.065028,64,13,o,19.39
59700.076092,35,12,o,19.42
59701.857658,18,11,o,19.54
59701.861149,17,11,o,19.54
59701.867015,30,11,o,19.55
59701.878478,30,10,o,19.53
59704.135104,18,12,o,19.42
59704.138598,35,15,o,19.4
59704.144578,39,11,o,19.39
59704.156748,29,14,o,19.42
59708.045021,19,19,o,19.0
59708.048255,16,18,o,19.02
59708.053888,54,21,o,19.0
59708.064616,46,22,o,18.99
59712.082016,149,177,o,16.65
59712.085916,53,154,o,16.93
59712.093013,-87,176,o,16.55
59712.103762,71,62,o,17.64
59716.031651,34,17,o,18.7
59716.034355,21,19,o,18.68
59716.04038,-2,20,o,18.68
59716.050413,30,20,o,18.63
59725.820963,42,13,o,19.56
59725.825958,44,12,o,19.57
59725.834632,46,12,o,19.56
59725.837695,42,13,o,19.6
59729.741682,28,13,o,19.31
59729.744871,39,14,o,19.25
59729.745327,52,14,o,19.3
59729.750814,35,16,o,19.3
59729.7554,25,12,o,19.28
59729.764181,22,13,o,19.3
59733.801397,37,12,o,19.38
59733.803228,8,13,o,19.44
59733.808289,48,12,o,19.47
59733.810124,37,12,o,19.41
59733.81149,14,10,o,19.42
59733.822138,19,11,o,19.31
59733.823049,20,13,o,19.39
59737.721285,23,16,o,19.21
59737.724204,40,17,o,19.23
59737.730848,8,15,o,19.22
59737.742282,62,18,o,19.2
59742.039896,56,17,o,18.79
59742.04392,30,18,o,18.82
59742.050903,29,20,o,18.85
59742.061324,739,950,o,18.79
59744.049428,126,401,o,15.61
59744.052365,1152,514,o,15.37
59744.05987,-417,932,o,14.55
59744.071378,1666,1562,o,14.05
59747.975429,27,14,o,19.26
59749.779322,38,18,o,19.11
59749.782533,24,20,o,19.09
59749.789369,-13,19,o,19.1
59749.800356,40,21,o,18.88
59756.739834,52,9,c,19.75
59756.743528,40,10,c,19.72
59756.749105,23,8,c,19.75
59756.758937,62,8,c,19.74
59757.757061,58,10,c,19.71
59757.773165,57,9,c,19.64
59757.788028,60,10,c,19.6
59757.796538,56,10,c,19.56
59757.797908,23,10,c,19.66
59757.800652,37,11,c,19.67
59757.827385,63,10,c,19.51
59757.832873,59,12,c,19.52
59758.698702,51,22,c,18.95
59758.701453,54,18,c,19.19
59758.706501,52,13,c,19.46
59758.716095,9,10,c,19.56
59759.021031,54,11,c,19.5
59759.02444,48,11,c,19.5
59759.031183,28,10,c,19.48
59759.041159,50,15,c,19.39
59760.009012,59,11,c,19.53
59760.032008,59,10,c,19.55
59760.036965,28,10,c,19.53
59760.040152,64,10,c,19.51
59761.027575,51,10,c,19.49
59761.030412,76,11,c,19.48
59761.03546,9,11,c,19.43
59765.767101,21,18,o,19.01
59765.773078,27,16,o,19.05
59768.005042,-25975,23300,o,11.29
59773.757915,23,32,o,18.33
59773.76923,-8,39,o,18.08
59773.775589,-17,43,o,18.1
59773.778742,38,49,o,17.94
59783.961633,8,74,o,17.41
59783.964757,42,47,o,17.95
59783.972374,39,28,o,18.59
59783.984467,45,22,o,18.87
59797.708241,-2,158,o,16.67
59797.711164,-192,124,o,16.96
59797.717846,54,48,o,17.89
59797.728017,-9,29,o,18.32
59799.966946,-121,145,o,16.72
59799.9706,112,64,o,17.46
59799.97563,26,44,o,18.02
59799.990888,-3,32,o,18.29
59843.131833,1,22,o,19.08
59843.135055,23,20,o,18.9
59843.140905,34,31,o,18.47
59843.14885,-108,146,o,17.06
59858.100088,66,17,o,18.92
59858.103265,30,20,o,18.9
59858.121649,44,21,o,18.87
59858.133074,95,109,o,17.25
59866.085549,44,52,o,18.04
59866.085999,61,62,o,17.83
59866.088362,-56,41,o,17.99
59866.088812,-38,46,o,18.06
59866.112476,-10,44,o,18.24
59866.112927,19,42,o,18.06
59866.120451,33,68,o,17.85
59866.124837,32,87,o,17.68
59884.312135,51,12,c,19.41
59884.315287,49,11,c,19.41
59884.32833,64,11,c,19.45
59884.331481,65,11,c,19.43
59900.328012,7,20,o,19.31
59900.330714,-2,13,o,19.31
59900.340312,19,16,o,19.31
59900.340763,34,16,o,19.32
59900.348666,32,19,o,19.2
59900.350121,7,18,o,19.16
59904.33738,14,16,o,19.48
59904.346409,24,15,o,19.39
59908.302696,41,14,o,19.4
59908.304551,28,12,o,19.4
59908.321138,56,12,o,19.41
59908.338974,65,13,o,19.44
59912.270543,58,15,o,19.34
59912.287698,37,11,o,19.38
59912.300263,66,11,o,19.37
59912.303907,63,13,o,19.4
59914.044625,48,11,c,19.64
59914.051191,74,11,c,19.68
59914.066089,65,10,c,19.69
59914.069279,60,10,c,19.64
59914.095519,64,17,c,19.01
59916.239316,20,20,o,18.83
59916.242475,53,21,o,18.88
59916.267247,28,18,o,19.04
59916.279884,27,16,o,19.18
59920.291087,-2,25,o,18.76
59920.29469,58,24,o,18.73
59920.308237,44,22,o,18.8
59920.322778,17,23,o,18.84
59921.906927,1,46,o,17.76
59921.909752,12,54,o,17.74
59921.915298,90826541747,65224429308,o,-4.92
59924.215575,33,21,o,18.61
59924.218729,28,24,o,18.64
59924.224187,-2,21,o,18.65
59924.256212,-9,26,o,18.67
59928.26377,47,14,o,19.16
59928.266929,46,15,o,19.19
59928.278585,47,15,o,19.2
59928.282699,38,15,o,19.22
59932.22799,47,10,c,19.6
59932.241957,49,10,c,19.63
59932.245109,38,9,c,19.62
59932.259794,54,9,c,19.61
59934.029491,-2,186,o,16.44
59934.078122,31,12,o,19.48
59934.089813,-21,17,o,19.05
59934.092082,46,18,o,18.94
59936.297973,40,9,c,19.7
59936.299775,140,9,c,19.7
59936.306805,56,9,c,19.69
59936.32442,71,8,c,19.67
59937.980412,57,55,o,17.72
59937.983592,-14,72,o,17.4
59937.987681,1680,1045,o,14.28
59938.01213,146,228,o,16.03
59940.163593,64,11,c,19.43
59940.165865,66,10,c,19.43
59940.191559,33,8,c,19.57
59940.194732,46,10,c,19.55
59944.262494,41,10,c,19.53
59944.284257,54,12,c,19.4
59944.297162,53,11,c,19.47
59944.298982,25,9,c,19.49
59945.910284,33,19,o,18.85
59945.913536,34,22,o,18.76
59945.916709,32,18,o,18.95
59945.938822,32,19,o,19.07
59948.149381,-7,29,o,18.49
59952.283481,81,20,o,18.77
59952.286182,33,24,o,18.77
59952.296123,34,26,o,18.75
59952.301622,33,24,o,18.77
59953.966184,27,18,o,19.04
59953.967986,57,20,o,19.07
59953.973042,38,15,o,19.05
59953.996746,27,18,o,19.03
59956.24867,1,30,o,18.73
59956.271768,20,30,o,18.7
59956.274489,49,38,o,18.75
59956.279457,27,32,o,18.76
59957.972753,936,1508,o,15.32
59957.97501,35270421974,17421709643,o,-3.64
59957.978278,-8979094424,29319491996,o,-3.99
59957.985951,84,93,o,16.33
59960.216084,48,13,o,19.43
59960.219248,50,12,o,19.39
59960.225693,35,11,o,19.41
59960.236306,26,16,o,19.4
59962.044211,27,13,o,19.34
59962.05093,48,13,o,19.36
59962.084585,34,18,o,19.11
59962.087762,8,13,o,19.32
59964.24377,26,10,o,19.39
59964.246041,54,11,o,19.43
59964.249192,52,12,o,19.41
59964.26289,42,13,o,19.36
59965.9754,25,9,c,19.76
59965.977286,62,10,c,19.78
59965.982742,36,8,c,19.77
59966.006902,53,10,c,19.78
59968.321491,24,11,o,19.37
59968.325095,10,14,o,19.36
59968.3314,32,14,o,19.39
59968.366202,12,14,o,19.3
59969.937603,55,9,c,19.77
59969.961515,70,9,c,19.77
59969.963328,56,9,c,19.77
59969.969084,57,8,c,19.75
59972.241246,30,11,o,19.5
59972.243061,41,9,o,19.51
59972.246234,59,11,o,19.47
59972.25164,57,11,o,19.48
59973.961873,58,11,c,19.52
59973.965613,20,12,c,19.26
59973.971087,23,10,c,19.48
59974.002547,43,11,c,19.5
59976.219382,42,14,o,19.14
59976.221203,39,16,o,19.15
59976.243558,40,11,o,19.19
59976.260124,12,11,o,19.35
59977.873877,45,22,o,18.95
59977.875691,48,19,o,18.94
59977.878514,67,20,o,18.87
59977.912712,37,18,o,19.05
59980.226846,8,27,o,18.64
59980.23002,55,23,o,18.64
59980.233175,18,27,o,18.66
59980.265938,24,24,o,18.7
59981.99538,108,116,o,16.29
59981.998989,44,23,o,18.69
59982.005347,60,49,o,17.98
59982.030116,24,22,o,18.86
59984.213997,81,20,o,18.8
59984.215812,39,23,o,18.77
59984.25114,64,22,o,18.74
59984.259709,12,24,o,18.76
59986.888493,160,65,o,17.29
59986.891736,22,17,o,18.47
59986.911202,61,18,o,19.19
59986.939748,10,42,o,18.32
59988.182356,53,15,o,19.26
59988.184165,-12,14,o,19.3
59988.187325,61,17,o,19.22
59988.192746,30,20,o,19.27
59992.18819,71,10,c,19.66
59992.191378,47,10,c,19.66
59992.215211,59,11,c,19.62
59992.226125,46,9,c,19.73
59994.919253,33,13,o,19.49
59994.921082,25,10,o,19.51
59994.924257,21,14,o,19.51
59994.929719,47,12,o,19.53
59996.168248,80,11,c,19.35
59996.170048,55,12,c,19.48
59996.173203,34,11,c,19.51
59996.204036,50,9,c,19.57
59998.97008,15,10,o,19.53
59998.974186,39,11,o,19.43
59998.981941,37,13,o,19.47
59998.992015,52,10,o,19.54
59999.345065,35,8,c,19.57
59999.373071,41,13,c,19.46
59999.387211,63,10,c,19.42
59999.390301,84,13,c,19.27
60000.163509,42,9,c,19.56
60000.167432,36,9,c,19.57
60000.170587,58,8,c,19.57
60000.205895,54,10,c,19.54
60002.893022,32,12,o,19.45
60002.895386,36,14,o,19.44
60002.898144,41,10,o,19.47
60002.922566,33,13,o,19.57
60004.245549,15,7,c,19.7
60004.249239,55,9,c,19.67
60004.254733,68,9,c,19.68
60004.269096,35,9,c,19.68
60006.98412,13,16,o,19.12
60006.987034,34,15,o,18.89
60006.993179,26,20,o,18.87
60007.005729,53,16,o,19.11
60008.211853,-5,17,o,18.92
60008.215035,31,22,o,18.9
60008.222286,42,22,o,18.95
60008.256889,33,21,o,18.87
60012.131617,31,28,o,18.67
60012.133427,-23,30,o,18.71
60012.138402,-14,30,o,18.68
60012.146261,67,25,o,18.71
60012.159333,53,30,o,18.68
60012.186776,-12,32,o,18.69
60012.189479,7,28,o,18.64
60012.205217,24,26,o,18.7
60013.966649,-57,26,o,18.68
60013.971865,36,31,o,18.53
60013.975039,-5,21,o,18.96
60014.000908,16,23,o,18.6
60014.93326,-14,16,o,19.14
60014.936442,36,17,o,19.12
60014.941872,-17,17,o,19.17
60014.951858,11,17,o,19.11
60015.384726,26,33,o,18.44
60015.385177,82,30,o,18.44
60015.385627,92,32,o,18.41
60015.386078,60,34,o,18.45
60015.386529,50,29,o,18.46
60015.399292,79,36,o,18.27
60016.181959,26,17,o,19.1
60016.185155,18,24,o,19.1
60016.190958,19,18,o,19.07
60016.196427,44,14,o,19.09
60016.200036,-2,15,o,19.07
60016.201388,33,19,o,19.05
60016.206042,21,16,o,19.09
60016.216136,43,14,o,19.04
60020.182349,33,10,o,19.43
60020.185545,29,12,o,19.44
60020.191458,24,14,o,19.44
60020.201431,5,12,o,19.42
60022.829024,55,10,c,19.72
60022.864576,47,10,c,19.68
60022.883509,47,8,c,19.74
60022.886868,37,10,c,19.79
60024.188911,24,14,o,19.36
60024.192524,36,13,o,19.36
60024.198388,31,14,o,19.34
60024.20848,35,16,o,19.34
60025.887926,3836,4574,c,13.03
60025.893493,414,354,c,15.72
60025.931269,-398,985,c,15.11
60028.162801,37,12,o,19.33
60028.166023,34,14,o,19.34
60028.199991,49,13,o,19.38
60028.205765,22,9,o,19.45
60030.91555,58,8,c,19.83
60030.918556,48,8,c,19.84
60030.924458,48,7,c,19.83
60030.936029,60,8,c,19.83
60032.174403,46,12,o,19.36
60032.177629,123,12,o,19.39
60032.183179,25,14,o,19.42
60032.203949,56,16,o,19.37
60035.117637,55,22,o,19.03
60035.121323,49,19,o,19.03
60035.125966,40,17,o,19.09
60035.126897,34,26,o,19.0
60035.159816,53,15,o,19.06
60035.160274,13,20,o,19.05
60035.163045,34,18,o,19.08
60035.168174,52,18,o,19.03
60036.891778,-33,22,o,18.66
60036.895035,192,342,o,16.29
60036.900753,5,16,o,18.86
60036.910538,18,20,o,18.84
60039.867281,34,25,o,18.7
60039.870044,65,24,o,18.75
60039.875627,19,24,o,18.71
60039.885387,26,25,o,18.69
60041.116608,60,26,o,18.57
60041.119881,5,39,o,18.59
60041.12541,-14,39,o,18.6
60041.136218,32,37,o,18.56
60042.884231,70,56,o,17.57
60042.887183,3,36,o,18.29
60042.892569,-125,58,o,17.69
60042.904959,-117,49,o,17.99
60045.864721,18,14,o,19.35
60045.867613,19,13,o,19.35
60045.873039,45,12,o,19.26
60045.88322,18,17,o,19.11
60046.992233,79,13,c,19.26
60046.99408,-337,8,c,19.3
60046.997308,44,14,c,19.31
60047.021544,58,10,c,19.37
60048.857003,16,13,o,19.48
60048.860414,18,13,o,19.43
60048.866124,27,14,o,19.45
60048.876232,26,13,o,19.35
60051.861039,44,9,o,19.74
60051.863987,37,10,o,19.73
60051.869417,25,9,o,19.77
60051.88024,36,10,o,19.72
60053.103913,57,10,c,19.46
60053.107121,54,10,c,19.53
60053.11361,28,10,c,19.47
60053.123772,39,11,c,19.52
60060.845117,15,23,o,18.74
60060.849307,51,26,o,18.72
60060.854569,23,19,o,18.94
60060.864863,34,19,o,19.09
60063.818538,-1270,64,o,17.98
60063.822288,44,18,o,19.18
60063.828051,46,15,o,19.13
60063.838118,18,14,o,19.21
60065.226905,1,21,o,18.62
60065.230147,4,26,o,18.59
60065.252876,2,24,o,18.54
60065.259246,-1,26,o,18.46
60066.815671,13,21,o,18.7
60066.817025,12,28,o,18.69
60066.818923,2,24,o,18.68
60066.820275,56,21,o,18.73
60066.824535,48,20,o,18.76
60066.825886,32,24,o,18.77
60066.83439,33,22,o,18.81
60066.836243,40,21,o,18.8
60068.85118,55,25,o,18.69
60068.85446,39,31,o,18.7
60068.87155,32,25,o,18.62
60068.878029,-1,26,o,18.56
60069.828877,77636576147,44599735233,o,-4.86
60069.831727,-92,778,o,14.6
60069.838833,19,70,o,17.43
60069.851609,-6,127,o,16.91
60071.075066,26,22,o,18.6
60071.078253,19,28,o,18.57
60071.083508,29,25,o,18.61
60071.094279,60,30,o,18.59
60071.807915,42,20,o,18.85
60071.831969,33,20,o,18.88
60071.834311,29,21,o,18.84
60071.834777,1,18,o,18.85
60071.837169,38,21,o,18.91
60071.852951,30,20,o,18.84
60071.853402,38,26,o,18.85
60071.860539,23,20,o,18.79
60072.803206,60,18,o,19.04
60072.808463,24,15,o,19.07
60072.811909,63,19,o,19.05
60072.814811,20,16,o,19.12
60072.818736,30,20,o,19.15
60072.822044,29,19,o,19.05
60072.824428,32,18,o,19.09
60072.834623,30,18,o,19.09
60075.811427,57,17,c,19.33
60075.81526,43,18,c,19.05
60075.820482,-6,18,c,19.03
60075.831363,-37,67,c,17.65
60077.067663,49,17,o,19.29
60077.070849,-2,17,o,19.34
60077.076173,7,15,o,19.35
60077.08754,31,15,o,19.35
60081.900476,60,19,c,18.98
60081.903682,37,16,c,19.35
60081.910196,21,12,c,19.45
60081.931275,50,11,c,19.44
60083.028074,-14,249,o,16.18
60083.030933,7955,7878,o,12.3
60083.038383,17,27,o,18.61
60083.051922,10326,5224,o,13.03
60084.769317,26,8,c,19.7
60084.776633,38,8,c,19.74
60084.780019,63,9,c,19.75
60084.790054,48,8,c,19.74
60087.784923,50,9,c,19.87
60087.787751,40,10,c,19.74
60087.793628,56,11,c,19.68
60087.804306,61,11,c,19.83
60087.813348,60,10,c,19.78
60090.804481,23,15,o,19.11
60090.807294,31,17,o,19.1
60090.813511,-28,19,o,19.1
60090.836537,28,21,o,19.08
60101.027457,20,22,o,18.76
60101.846126,62,20,o,18.8
60101.849485,8,21,o,18.76
60101.870075,-12,25,o,18.59
60101.876288,21,26,o,18.61
60105.794323,32,12,o,19.47
60105.797093,33,12,o,19.47
60105.822349,20,10,o,19.46
60105.841385,27,13,o,19.44
60107.004261,74,14,c,19.29
60107.007034,44,11,c,19.26
60107.012619,56,13,c,19.26
60107.033694,47,13,c,19.25
60124.998173,3,23,o,18.59
60125.001861,44,23,o,18.62
60125.018297,43,27,o,18.6
60125.036214,30,26,o,18.58
60126.772634,12,26,o,18.74
60126.775408,48,25,o,18.7
60126.800466,15,24,o,18.62
60126.807179,6,31,o,18.54
60131.04847,-31,30,o,18.13
60131.727361,44,16,o,18.95
60131.734309,0,23,o,18.7
60131.738545,12,22,o,18.87
60131.754943,-6,72,o,17.5
60135.729778,50,9,c,19.59
60135.739856,62,10,c,19.55
60135.745123,38,10,c,19.6
60135.75833,66,11,c,19.53
60138.73162,38,12,c,19.44
60138.747862,47,9,c,19.57
60138.748315,67,10,c,19.61
60138.751547,68,10,c,19.61
60138.775795,21,13,c,19.58
60138.786512,27,13,c,19.43
60141.743727,49,11,c,19.39
60141.747078,56,11,c,19.39
60141.778714,53,12,c,19.21
60141.797569,11,21,c,18.88
60142.968678,-68,61,o,16.96
60142.971411,40,128,o,16.63
60142.981038,-4828,5455,o,13.54
60142.994405,7494785278,9476165294,o,-2.95
60144.702387,0,24,c,18.64
60144.705586,30,20,c,18.98
60144.711083,-53,16,c,19.01
60144.720864,48,13,c,19.33
60147.703888,81,25,c,18.72
60147.707719,45,14,c,19.06
60147.71775,-8,18,c,19.05
60147.725487,68,12,c,19.29
60153.718747,22,25,o,18.59
60153.721973,38,24,o,18.65
60153.72888,41,24,o,18.56
60153.749027,40,27,o,18.45
60154.968903,21,33,o,18.4
60154.97208,34,28,o,18.3
60154.977518,77,75,o,17.76
60154.988689,47,34,o,18.36
60159.722607,23,19,o,18.8
60159.726977,48,21,o,18.81
60159.731948,-1,21,o,18.86
60159.746688,31,23,o,18.75
60160.96452,29,75,o,17.54
60160.967699,28,40,o,17.96
60160.973157,40,28,o,18.49
60160.983551,20,21,o,18.65
60211.375353,19,19,o,18.92
60211.391769,45,19,o,18.76
60211.394629,25,22,o,18.6
60217.371817,60,36,o,18.24
60217.372267,21,38,o,18.11
60217.375949,7,37,o,18.21
60217.378329,-41,40,o,18.08
60217.381182,-60,34,o,18.25
60217.390263,29,44,o,17.95
60217.394933,16,73,o,17.36
60217.395854,-120,76,o,17.44
60263.240357,30,18,o,18.98
60263.243555,62,20,o,18.99
60263.272266,53,15,o,19.03
60263.275452,33,15,o,19.04
60273.94664,34,46,o,17.92
60273.951831,32,36,o,18.0
60273.98718,62,32,o,18.44
60273.990066,80,25,o,18.4
60276.949201,-62,36,o,18.11
60276.95208,39,38,o,18.17
60276.957274,8,53,o,18.04
60276.967386,-29,26,o,18.38
60285.956532,35,15,o,19.23
60285.959385,18,16,o,19.17
60285.991219,44,13,o,19.32
60285.994549,30,13,o,19.38
60296.199927,12,15,o,19.25
60296.224954,55,13,o,19.35
60296.228166,49,11,o,19.38
60296.233712,57,12,o,19.32
60298.003991,21,12,o,19.54
60298.007184,5,12,o,19.54
60298.032922,52,12,o,19.64
60298.035833,55,10,o,19.62
60300.209502,15,29,o,18.93
60300.212334,47,28,o,18.97
60300.217448,43,20,o,18.95
60300.248495,-8,19,o,19.16
60301.975245,54,22,o,18.71
60304.234438,2302,926,o,14.56
60304.260152,732,498,o,16.56
60304.263323,-210,3492,o,15.26
60304.268807,396,235,o,15.73
60308.203996,41,29,o,18.37
60308.226497,19,20,o,18.87
60308.229272,51,19,o,18.86
60308.232452,50,20,o,18.81
60312.220057,40,14,o,19.16
60312.222917,72,21,o,19.1
60312.226124,42,15,o,19.14
60312.231181,52,18,o,19.16
60312.359474,10,17,o,19.03
60314.039129,23,12,o,19.38
60314.040969,26,14,o,19.39
60314.043754,42,14,o,19.34
60314.051151,36,14,o,19.42
60316.227844,51,19,o,19.42
60316.229222,37,12,o,19.45
60316.229674,74,17,o,19.49
60316.232072,55,10,o,19.43
60316.232972,65,21,o,19.48
60316.238547,33,16,o,19.51
60316.248777,23,12,o,19.42
60316.254778,27,12,o,19.38
60320.25074,214,90,o,18.5
60320.258536,-2505452132,9743424956,o,-2.74
60320.271479,53,46,o,18.04
60321.937918,15,10,c,19.63
60321.940834,48,12,c,19.6
60321.943135,52,11,c,19.58
60321.944036,30,10,c,19.59
60321.946515,50,9,c,19.65
60321.979326,33,10,c,19.65
60321.980592,46,8,c,19.61
60321.985851,33,10,c,19.63
60324.190137,29,16,o,19.35
60324.214771,26,13,o,19.39
60324.236305,38,13,o,19.4
60324.240464,40,20,o,19.37
60328.192751,35,10,o,19.39
60328.19606,26,15,o,19.3
60328.198782,58,14,o,19.38
60328.203876,53,10,o,19.42
60332.199258,54,15,o,18.89
60332.202118,50,16,o,18.92
60332.20935,12,22,o,18.89
60332.219412,66,14,o,18.89
60333.944379,17,24,o,18.82
60333.951188,65,45,o,17.58
60333.953032,55,54,o,17.61
60333.964149,38,21,o,18.88
60336.183228,64,22,o,18.62
60336.18606,19,27,o,18.6
60336.199953,38,26,o,18.63
60336.20548,33,25,o,18.6
60337.942662,3789,3347,o,13.23
60337.952762,-4,549,o,15.9
60337.955866,121699137498,280166950579,o,-4.59
60337.982191,32587449142,43714870800,o,-4.69
60337.985394,-316,1586,o,13.92
60337.990543,-895,858,o,14.99
60340.228156,70,23,o,19.1
60340.230009,45,16,o,19.06
60340.232763,43,16,o,19.13
60340.238241,71,22,o,19.06
60342.028546,-17,13,o,19.25
60342.031378,27,12,o,19.26
60342.038968,6,15,o,19.25
60342.049952,28,14,o,19.23
60342.1214,20,17,o,19.02
60344.250857,12,27,o,18.59
60344.28405,-16,121,o,16.7
60344.287253,-37,45,o,17.89
60344.292627,64,50,o,18.02
60345.961831,62,12,o,19.51
60345.965048,16,14,o,19.51
60345.970693,74,12,o,19.52
60345.986165,24,10,o,19.6
60348.220985,29,14,o,19.34
60348.223777,27,18,o,19.22
60348.245773,14,15,o,19.26
60348.274046,25,14,o,19.39
60349.985364,45,17,o,18.95
60350.013638,57,18,o,18.77
60350.016648,32,22,o,18.67
60350.022284,11,23,o,18.64
60352.205854,70,15,o,19.53
60352.208623,44,13,o,19.51
60352.211383,35,12,o,19.55
60352.24673,5,10,o,19.55
60353.980536,31,10,o,19.59
60353.985274,33,10,o,19.59
60354.019136,28,11,o,19.6
60354.024355,45,12,o,19.57
60356.240938,14,13,o,19.44
60356.243766,38,11,o,19.44
60356.278958,10,14,o,19.41
60356.307444,37,16,o,19.41
60358.01937,30,10,o,19.48
60358.023059,44,11,o,19.4
60358.059915,7,13,o,19.33
60358.068824,12,12,o,19.33
60360.204183,39,19,o,19.08
60360.213464,74,20,o,18.7
60360.246609,19,20,o,19.13
60360.249811,40,18,o,19.11
60361.972797,30,20,o,18.91
60361.975585,12,18,o,18.85
60361.981063,50,23,o,18.84
60362.016202,38,22,o,18.81
60364.20506,8,34,o,18.42
60364.211109,69,33,o,18.34
60364.213874,-10,34,o,18.4
60364.245092,19,34,o,18.48
60365.206595,87,70,o,17.69
60365.217597,22,65,o,17.86
60365.220776,-26,43,o,18.12
60365.226751,118,38,o,18.23
60365.935534,72,24,o,18.65
60365.938754,66,27,o,18.64
60365.944756,78,22,o,18.71
60365.979835,33,34,o,18.47
60365.987553,30,29,o,18.45
60368.195333,26,20,o,18.92
60368.198582,31,20,o,18.88
60368.229768,51,19,o,18.86
60368.236207,-1,19,o,18.92
60369.265534,-6,16,o,19.02
60369.281618,36,14,o,19.0
60369.308009,30,23,o,18.94
60369.322213,20,18,o,18.93
60369.961638,26,15,o,19.11
60369.964897,49,17,o,19.07
60369.970028,24,36,o,18.77
60369.980349,47,18,o,19.02
60370.146801,40,72,o,17.5
60377.924812,-9,9,c,19.87
60377.928072,62,8,c,19.87
60377.933612,53,8,c,19.83
60377.94403,44,8,c,19.82
60380.17534,46,13,o,19.37
60380.178552,47,16,o,19.38
60380.184546,20,15,o,19.42
60380.196497,44,18,o,19.39
60381.929775,-1205282678,4635702606,c,-2.34
60381.93846,7502267220,5778773400,c,-2.43
60382.062036,35,12,c,19.54
60384.160462,21,13,o,19.36
60384.164102,28,14,o,19.28
60384.169226,32,13,o,19.39
60384.180229,42,13,o,19.3
60385.816843,24,15,o,19.37
60385.819746,20,15,o,19.37
60385.822962,23,12,o,19.4
60385.859349,36,14,o,19.39
60388.162764,45,18,o,19.16
60388.165938,37,16,o,19.18
60388.173287,39,16,o,19.16
60388.183075,10,14,o,19.11
60389.945012,19,21,o,19.09
60389.948354,6,22,o,19.06
60389.955451,23,28,o,18.93
60389.968055,30,22,o,19.0
60391.391737,56,40,o,18.15
60391.427361,-27,41,o,18.12
60391.430625,30,41,o,18.14
60391.435959,99,41,o,18.05
60392.149897,17,20,o,18.78
60392.153097,35,23,o,18.69
60392.158598,34,22,o,18.75
60392.16923,14,24,o,18.76
60393.889003,-5,25,o,18.38
60393.89222,54,32,o,18.41
60393.897782,69,84,o,16.8
60393.909304,-20,34,o,18.25
60396.147459,74,31,o,18.76
60396.150702,-1,25,o,18.73
60396.157123,-27,22,o,18.71
60396.167337,50,27,o,18.73
60397.166295,48,18,o,18.87
60397.169485,6,21,o,18.85
60397.191135,0,19,o,18.85
60397.196655,16,21,o,18.82
60397.894614,-2,21,o,18.94
60397.897867,30,19,o,18.98
60397.903842,16,22,o,18.86
60397.916279,12,15,o,19.01
60400.149633,35,14,o,19.22
60400.152799,-3,16,o,19.12
60400.158299,48,20,o,19.2
60400.168332,24,22,o,19.16
60404.102357,20,6,o,20.21
60404.120997,26,7,o,20.18
60404.196286,34,8,o,20.17
60407.078641,28,7,o,19.99
60407.100276,13,9,o,20.01
60407.121583,29,8,o,20.01
60410.077865,16,9,o,19.76
60410.097584,24,8,o,19.86
60410.113206,30,9,o,19.91
60412.825035,14,7,o,20.14
60412.837534,32,6,o,20.13
60412.857184,29,8,o,20.0
60416.092774,-2,28,o,19.08
60416.103862,5,27,o,19.1
60416.107066,16,14,o,19.12
60416.113528,30,20,o,19.03
60416.120406,11,14,o,19.13
60416.124503,1,17,o,19.15
60416.133514,31,14,o,19.21
60416.144515,33,14,o,19.24
60417.848421,0,16,o,19.14
60417.851618,42,16,o,19.15
60417.857541,27,16,o,19.29
60417.869598,23,16,o,19.28
60420.102024,12,19,o,18.92
60420.105204,36,26,o,18.93
60420.111175,74,23,o,18.89
60420.122096,41,22,o,18.97
60424.100822,57,25,o,18.46
60424.10406,3,26,o,18.46
60424.11068,27,22,o,18.43
60424.120449,52,30,o,18.46
60425.151026,18,24,o,18.7
60425.153793,25,18,o,18.67
60425.176655,44,30,o,18.55
60425.18316,39,28,o,18.54
60428.112495,40,21,o,18.97
60428.115681,25,25,o,18.75
60428.122219,10,23,o,18.85
60428.14692,9,30,o,18.42
60429.809301,56,10,c,19.69
60429.813156,45,8,c,19.72
60429.818672,70,9,c,19.64
60429.832787,26,11,c,19.63
60429.844745,32,8,c,19.56
60432.072615,36,14,o,19.39
60432.076794,42,17,o,19.38
60432.082011,33,15,o,19.38
60432.09407,22,19,o,19.29
60433.815638,16,10,c,19.44
60433.819045,34,14,c,18.97
60433.824429,31,12,c,19.49
60433.834369,56,11,c,19.5
60436.071919,30,16,o,19.33
60436.077038,47,16,o,19.33
60436.080701,8,17,o,19.28
60436.100184,12,15,o,19.28
60440.050912,-27,20,o,19.17
60440.056164,45,16,o,19.17
60440.059343,48,20,o,19.21
60440.071221,25,20,o,19.13
60441.797932,35,12,c,19.45
60441.801854,47,11,c,19.48
60441.809149,65,11,c,19.48
60441.819181,37,10,c,19.46
60444.041741,18,19,o,19.18
60444.045424,35,15,o,19.26
60444.051877,-46,35,o,18.48
60444.062361,26,16,o,19.18
60445.79596,23,20,o,18.97
60445.799084,36,19,o,18.92
60445.805979,38,18,o,19.0
60445.821855,37,16,o,19.05
60448.061441,-4,20,o,18.9
60448.064207,38,18,o,18.93
60448.070634,5,19,o,18.89
60448.085991,50,17,o,18.82
60449.043323,23,19,o,18.97
60449.060113,37,20,o,18.96
60449.06332,22,17,o,18.95
60449.069695,25,21,o,18.93
60449.778794,36,23,o,18.74
60449.784166,40,21,o,18.78
60449.788081,38,25,o,18.77
60449.800776,20,32,o,18.08
60453.78793,25,36,o,18.15
60453.793278,-19,36,o,18.22
60453.796115,47,37,o,18.2
60453.808295,43,42,o,18.25
60456.040682,95,31,o,18.43
60456.043896,-1,21,o,18.75
60456.050164,25,27,o,18.83
60456.077125,24,26,o,18.76
60457.026596,37,14,o,19.21
60457.042751,34,16,o,19.13
60457.045552,72,14,o,19.1
60457.051086,30,18,o,19.1
60457.803401,24,15,o,19.41
60457.806746,38,14,o,19.41
60457.82898,27,13,o,19.22
60457.834963,45,15,o,19.2
60460.02536,45,12,c,19.53
60460.030498,73,16,c,19.48
60460.034313,53,14,c,19.53
60460.048391,64,12,c,19.48
60461.776656,23,17,o,19.22
60461.873334,47,13,o,19.16
60461.893118,22,17,o,19.17
60461.903366,7,14,o,19.15
60464.009827,-104,160,c,16.5
60464.022059,8606006128,8074771182,c,-2.56
60464.037833,370,192,c,16.66
60468.006628,84,10,c,19.57
60468.009998,61,10,c,19.49
60468.01603,52,12,c,19.58
60468.026053,67,10,c,19.54
60477.722313,2729,18,o,18.78
60477.72554,18,22,o,18.79
60477.731199,20,19,o,18.79
60477.755623,44,21,o,18.7
60481.758416,-90,58,o,17.75
60481.761616,25,83,o,17.46
60481.768035,38,36,o,18.26
60481.778589,32,42,o,18.0
60485.724634,21,14,o,19.23
60485.727426,22,16,o,19.22
60485.732683,27,15,o,19.23
60485.744637,13,17,o,19.19
60491.97015,46,14,o,19.13
60491.973384,42,17,o,19.22
60491.978555,9,15,o,19.19
60491.988607,50,12,o,19.17
60493.784477,45,12,c,19.24
60493.809132,20,12,c,19.23
60493.813578,41,15,c,19.15
60493.819006,55,14,c,19.19
60495.960509,-16,70,o,17.15
60495.963722,26,42,o,17.49
60495.969219,-195,445,o,17.0
60495.98039,8,72,o,17.36
60497.764035,58,18,c,18.97
60497.767326,41,15,c,19.12
60497.792006,33,35,c,18.26
60497.797496,32,36,c,18.15
60499.962444,17,19,o,19.01
60499.965651,60,21,o,19.15
60499.971139,0,14,o,19.16
60499.994849,43,12,o,19.22
60503.958421,46,29,o,18.32
60503.961575,4,23,o,18.63
60503.969259,16,21,o,18.85
60503.983852,28,19,o,18.92
60507.965736,18,26,o,18.7
60507.969792,18,30,o,18.72
60507.975219,-29,28,o,18.73
60507.98612,40,28,o,18.71
60512.015323,-74,55,o,17.71
60512.020052,-25,64,o,17.36
60512.031654,-69,56,o,17.64
60512.0369,-63,63,o,17.49
60515.982759,38,18,o,18.83
60515.987319,21,18,o,18.89
60515.988221,24,18,o,18.99
60515.99241,-13,19,o,19.03
60516.000395,11,18,o,18.89
60516.002199,40,19,o,18.98
60516.007385,8,16,o,18.9
60516.015264,15,21,o,18.92
60519.982219,45,17,c,18.99
60519.98509,91,26,c,18.47
60519.990658,74,87,c,17.04
60520.013864,20,13,c,19.15
60613.997056,26,41,c,18.12
60620.337602,-1,17,o,19.14
60620.343008,-5,16,o,19.18
60620.353954,73,19,o,19.06
60620.358647,68,26,o,18.94
60621.983315,25,60,c,18.28
60621.986134,17,40,c,18.38
60621.993726,-11,109,c,18.29
60622.003608,33,22,c,18.72
60622.079543,56,19,c,19.04
60622.097875,38,26,c,18.54
60622.100652,89,22,c,18.84
60622.105212,104,28,c,18.51
60636.225938,19,19,o,18.76
60636.229202,34,22,o,18.76
60636.234731,13,23,o,18.77
60636.269847,55,19,o,18.91
60646.036147,34,19,o,18.73
60646.054107,22,12,o,19.42
60646.057278,15,11,o,19.41
60646.074074,22,12,o,19.34
60648.281629,60,10,c,19.38
60648.303677,24,10,c,19.51
60648.306852,58,11,c,19.45
60648.321291,42,10,c,19.48
60650.072705,40,34,o,18.3
60650.077149,49,35,o,18.34
60650.081917,48,38,o,18.01
60650.09375,9,64,o,17.77
60650.097023,148,78,o,17.55
60654.015264,40,17,o,19.3
60654.01847,49,14,o,19.25
60654.043783,28,17,o,19.2
60654.049231,23,17,o,18.94
